terrain,inc_time_d,compound,peak_nr,is_ref,rt_start,rt,rt_end,amp2,amp3,bgrd2_start,bgrd3_start,bgrd2_end,bgrd3_end,area2,area3,r3/2,rd3/2,d3/2,d2H,at2H,n_overlapping,n_matches,f_label,at2H_mn_zero,d2H_mn_zero,area2_mn_zero,No.,rt_FID,area_FID,height_FID,rel_area_FID,rel_height_FID,amount_FID,at2H_weighted,a,t0,f_start,d_t,f_t,u_d,gen_d,chain_fctr,chain_num,u_d_weighted,gen_d_weighted
Gordon Gulch Conifer Forest,0,16:0,26.666666666666668,0,2082.40633333333,2109.5763333333334,2125.25133333333,1369.82282110581,381.370425953556,301.488818008944,105.524171967811,301.488818008944,105.524171967811,18144.9488640285,5795.57254690363,0.31944425120701,198.968016040052,-76.7946276491597,-76.7946276491597,0.0143768563889012,1,1,0.5,0.0143768563889012,-76.7946276491597,18144.9488640285,6.333333333333333,14.543333333333333,1.2672008891666635,36.86363260112259,2.2843598616150196,3.7810543945789266,NA,0.0140208234613379,0.5,0,0.0143768563889012,0,0.0143768563889012,NA,NA,C16,16,0,0
Gordon Gulch Conifer Forest,0,16:1 cis,24.666666666666668,0,2026.673,2041.0243333333333,2053.49466666667,758.518008316356,204.710317814937,319.86608033592,114.330791442194,319.86608033592,114.330791442194,7663.61589204144,2381.7609157057,0.31046726700425403,165.286646128668,-102.729282480926,-102.729282480926,0.0139730386424979,1,1,0.5,0.0139730386424979,-102.729282480926,7663.61589204144,NA,NA,NA,NA,NA,NA,NA,0.0140208234613379,0.5,0,0.0139730386424979,0,0.0139730386424979,NA,NA,C16,16,0,0
Gordon Gulch Conifer Forest,0,16:1 trans,25.666666666666668,0,2053.70366666667,2063.1783333333333,2077.042,359.694248181323,101.27228332821,294.143092974603,102.493820442102,294.143092974603,102.493820442102,3018.14319069836,943.524867107706,0.3129009232420207,174.42136596019,-95.6955482106535,-95.6955482106535,0.0140825583173204,1,1,0.5,0.0140825583173204,-95.6955482106535,3018.14319069836,NA,NA,NA,NA,NA,NA,NA,0.0140208234613379,0.5,0,0.0140825583173204,0,0.0140825583173204,NA,NA,C16,16,0,0
Gordon Gulch Conifer Forest,0,17:0 cyclo,33.333333333333336,0,2304.016,2320.109,2328.26,671.357925645971,166.697026122895,325.406373157801,114.323177184492,325.406373157801,114.323177184492,5844.94133756643,1689.98064745974,0.28721967911018703,77.9894233583787,-169.948144014048,-169.948144014048,0.0129263855486887,1,1,0.5,0.0129263855486887,-169.948144014048,5844.94133756643,8.666666666666666,15.979444444444445,0.38111315999999934,11.426465712396782,0.6837123592839975,1.167214105254297,NA,0.0140208234613379,0.5,0,0.0129263855486887,0,0.0129263855486887,NA,NA,C17,17,0,0
Gordon Gulch Conifer Forest,0,18:0,48.25,0,2606.70024755859,2647.5597353515627,2665.01124804688,1735.57732975235,522.521532958448,349.960410278672,119.64354770123,349.960410278672,119.64354770123,71619.9858524692,19798.0310631071,0.30887662907750774,159.879832920209,-106.892528651439,-106.892528651439,0.0139082052683381,1.5,1.25,0.5,0.0143565560300064,-78.0983991664775,9210.39825887059,13.25,17.962916666666665,0.6005066572916667,15.856755177364873,1.09220305428119,1.6416120420938953,NA,0.0140208234613379,0.5,0,0.0143565560300064,0,0.0139082052683381,NA,NA,C18,18,0,0
Gordon Gulch Conifer Forest,0,18:1 cis,54.2,0,2530.90638203125,2562.590790234375,2571.15981328125,1239.30445936231,356.386677444867,502.410454120408,170.855338311475,502.410454120408,170.855338311475,28227.6077292656,8613.66585431396,0.3067673083398284,151.704301394191,-113.187687926473,-113.187687926473,0.0138101937869734,1.8,1.6,0.5,0.0136459164806039,-123.738115884007,13712.0600537114,NA,NA,NA,NA,NA,NA,NA,0.0140208234613379,0.5,0,0.0136459164806039,0,0.0138101937869734,NA,NA,C18,18,0,0
Gordon Gulch Conifer Forest,0,18:1 trans,38,0,2533.707,2576.134,2584.21533333333,1506.61260218001,418.613371972291,498.846725398142,174.49810961893,498.846725398142,174.49810961893,35917.6124461276,10900.7851972299,0.30466375908629284,143.437086199067,-119.553443626718,-119.553443626718,0.0137110747698315,1,2,0.5,0.0138826966888311,-108.531348372266,15945.4333417767,NA,NA,NA,NA,NA,NA,NA,0.0140208234613379,0.5,0,0.0138826966888311,0,0.0137110747698315,NA,NA,C18,18,0,0
Gordon Gulch Conifer Forest,0,18:2,49,0,2507.6342578125,2539.2977529296877,2549.32973681641,914.110362665964,257.955531283873,272.449872859282,96.1369439327856,272.449872859282,96.1369439327856,21018.8426265514,6348.78667666592,0.3017182146498901,132.204504416947,-128.202531598951,-128.202531598951,0.0135764021178545,1.5,1.5,0.5,0.0135716440031417,-128.508110721507,8064.72345813605,NA,NA,NA,NA,NA,NA,NA,0.0140208234613379,0.5,0,0.0135716440031417,0,0.0135764021178545,NA,NA,C18,18,0,0
Gordon Gulch Conifer Forest,0,a-15:0,18.333333333333332,0,1740.90033333333,1755.5303333333334,1760.825,490.618131008368,127.809833227118,295.758803824023,102.292669496792,295.758803824023,102.292669496792,3676.75688860711,1078.48741992145,0.2957999144863744,110.226174557987,-145.12584559035,-145.12584559035,0.013312885514746,1,1,0.5,0.013312885514746,-145.12584559035,3676.75688860711,2.6666666666666665,12.368333333333332,0.26059565194444523,8.858207761787462,0.4726942897525463,0.9109537242166658,NA,0.0140208234613379,0.5,0,0.013312885514746,0,0.013312885514746,NA,NA,C15,15,0,0
Gordon Gulch Conifer Forest,0,i-15:0,17.333333333333332,0,1723.414,1733.7246666666667,1740.27333333333,428.160011220572,126.398888805256,263.926323457666,97.0445612293913,263.926323457666,97.0445612293913,2808.48925002031,928.800617585282,0.3305938559749365,240.853370475435,-44.5429047339153,-44.5429047339153,0.0148790289965087,1,1,0.5,0.0148790289965087,-44.5429047339153,2808.48925002031,1.6666666666666667,12.238333333333333,0.2537978077777784,8.486038474329067,0.4574819682856852,0.8697888064668956,NA,0.0140208234613379,0.5,0,0.0148790289965087,0,0.0148790289965087,NA,NA,C15,15,0,0
Gordon Gulch Conifer Forest,0,i-17:0,31.333333333333332,0,2252.393,2260.1259999999997,2267.71966666667,173.997184935627,60.2408451429422,276.911316215734,98.515630197595,276.911316215734,98.515630197595,1131.72871181198,399.258059388168,0.3534696277046516,326.656425418342,21.5254475721235,21.5254475721235,0.015907727657855,1,1,0.5,0.015907727657855,21.5254475721235,1131.72871181198,NA,NA,NA,NA,NA,NA,NA,0.0140208234613379,0.5,0,0.015907727657855,0,0.015907727657855,NA,NA,C17,17,0,0
Gordon Gulch Conifer Forest,3,16:0,25,0,2085.193,2106.8245,2121.768,1199.14219140822,1396.11323439795,267.474515025136,119.680234632235,267.474515025136,119.680234632235,13939.5198418967,19888.3920852088,1.4239297876560064,4339.44055946719,3111.36923078973,3111.36923078973,0.0639935882363573,1,1,0.5,0.0143768563889012,-76.7946276491597,18144.9488640285,8.5,14.541666666666666,2.098863521249995,60.932662046920825,3.2588600552533484,5.192416684498486,NA,0.053693503834751,0.5,0,0.0143768563889012,3,0.0639935882363573,0.07881751154368363,8.794329673498725,C16,16,0.06231219609444228,14.092094406598646
Gordon Gulch Conifer Forest,3,16:1 cis,23,0,2025.9415,2038.795,2052.2755,580.290595168225,624.489252343471,272.248997448838,128.453195990473,272.248997448838,128.453195990473,5064.94957144886,6236.15815699539,1.234862006511535,3630.41324698718,2565.41820018013,2565.41820018013,0.0555005586941645,1,1,0.5,0.0139730386424979,-102.729282480926,7663.61589204144,NA,NA,NA,NA,NA,NA,NA,0.053693503834751,0.5,0,0.0139730386424979,3,0.0555005586941645,0.0645055836499431,10.745537693628119,C16,16,0.06231219609444228,14.092094406598646
Gordon Gulch Conifer Forest,3,16:1 trans,24,0,2053.007,2061.6805,2073.28,283.109292473948,256.170857952448,264.408278523616,119.76721445932,264.408278523616,119.76721445932,2301.59141583363,1937.59040552837,0.8513440018093941,2192.27393285202,1458.05092829606,1458.05092829606,0.0382694514741151,1,1,0.5,0.0140825583173204,-95.6955482106535,3018.14319069836,NA,NA,NA,NA,NA,NA,NA,0.053693503834751,0.5,0,0.0140825583173204,3,0.0382694514741151,0.03605581723148842,19.22428151079607,C16,16,0.06231219609444228,14.092094406598646
Gordon Gulch Conifer Forest,3,17:0 cyclo,31.5,0,2301.4035,2317.6009999999997,2326.17,567.571229329381,314.21872508205,270.183942471601,109.654805026264,270.183942471601,109.654805026264,4670.6784478596,3017.00038322637,0.6491677553816683,1434.20887766243,874.340835800073,874.340835800073,0.0291843353817507,1,1,0.5,0.0129263855486887,-169.948144014048,5844.94133756643,10.5,15.974166666666665,0.6718405620833312,18.91576864557823,1.041866553382662,1.6124942748484488,NA,0.053693503834751,0.5,0,0.0129263855486887,3,0.0291843353817507,0.02368081522989629,29.27041040736083,C17,17,0.06231219609444228,14.092094406598646
Gordon Gulch Conifer Forest,3,18:0,36.5,0,2604.6625,2618.77,2625.9805,555.575866972656,455.599517346338,279.385164986223,123.906833509839,279.385164986223,123.906833509839,5839.20691419904,5428.49741703575,0.9283673371289354,2481.17702602306,1680.50631003775,1680.50631003775,0.0417314615971782,1,1,0.5,0.0143565560300064,-78.0983991664775,9210.39825887059,14.5,17.956666666666667,0.9712142520833311,24.499319839788733,1.5098517423448206,2.090864399562789,NA,0.053693503834751,0.5,0,0.0143565560300064,3,0.0417314615971782,0.041163844969367286,16.83873751530649,C18,18,0.06231219609444228,14.092094406598646
Gordon Gulch Conifer Forest,3,18:1 cis,34,0,2532.871,2550.218,2556.07,883.996035579864,564.427161833886,351.832610848265,138.38760370016,351.832610848265,138.38760370016,11355.7781075757,7115.91075569335,0.6240566054704261,1340.08575624427,801.866032308087,801.866032308087,0.0280561870101361,1,1,0.5,0.0136459164806039,-123.738115884007,13712.0600537114,NA,NA,NA,NA,NA,NA,NA,0.053693503834751,0.5,0,0.0136459164806039,3,0.0280561870101361,0.020968926438935942,33.05592122603291,C18,18,0.06231219609444228,14.092094406598646
Gordon Gulch Conifer Forest,3,18:1 trans,35,0,2556.07,2571.4315,2580.0005,1264.84762456384,2086.53700530557,523.182028889205,609.501695134993,523.182028889205,609.501695134993,15497.6302377626,28153.735364963,1.8208184977723754,5827.60762590457,4257.25787194652,4257.25787194652,0.0818147861051449,1,1,0.5,0.0138826966888311,-108.531348372266,15945.4333417767,NA,NA,NA,NA,NA,NA,NA,0.053693503834751,0.5,0,0.0138826966888311,3,0.0818147861051449,0.11308763122351746,6.129292594253225,C18,18,0.06231219609444228,14.092094406598646
Gordon Gulch Conifer Forest,3,18:2,33,0,2503.193,2522.63,2532.871,488.134893956742,167.086228645299,247.167207302169,92.9264538509721,247.167207302169,92.9264538509721,5933.60609738365,2123.45112295366,0.35690842302221404,338.330641164181,30.5145936964196,30.5145936964196,0.0160476887222163,1,1,0.5,0.0135716440031417,-128.508110721507,8064.72345813605,NA,NA,NA,NA,NA,NA,NA,0.053693503834751,0.5,0,0.0135716440031417,3,0.0160476887222163,0.0035093103113374453,197.51663975699475,C18,18,0.06231219609444228,14.092094406598646
Gordon Gulch Conifer Forest,3,a-15:0,18.5,0,1742.1195,1755.4955,1766.1545,451.470584737206,349.577848428442,258.592286081534,121.047252456816,258.592286081534,121.047252456816,3041.3481697995,2491.54090690323,0.8281816496375375,2105.41441344646,1391.16909835377,1391.16909835377,0.0372285458367267,1,1,0.5,0.013312885514746,-145.12584559035,3676.75688860711,3,12.364166666666666,0.5052489533333345,15.981855067006272,0.7840096869018152,1.360453512145991,NA,0.053693503834751,0.5,0,0.013312885514746,3,0.0372285458367267,0.03550682412290598,19.521520093169517,C15,15,0.06231219609444228,14.092094406598646
Gordon Gulch Conifer Forest,3,i-15:0,17.5,0,1722.6825,1734.2820000000002,1741.2835,452.838312402304,711.764389403616,231.430492464319,91.2276379487696,231.430492464319,91.2276379487696,3075.41057033685,5502.62537528406,1.7867655011239325,5699.97855783295,4158.98348953137,4158.98348953137,0.0802866526627337,1,1,0.5,0.0148790289965087,-44.5429047339153,2808.48925002031,2,12.2325,0.5028795291666672,16.356220660377353,0.7791661477596445,1.3905870314422235,NA,0.053693503834751,0.5,0,0.0148790289965087,3,0.0802866526627337,0.10866311007619017,6.378863811959169,C15,15,0.06231219609444228,14.092094406598646
Gordon Gulch Conifer Forest,3,i-17:0,29.5,0,2251.139,2259.29,2266.814,162.279220213704,235.501808269933,255.369486775802,103.301782844639,255.369486775802,103.301782844639,1045.21543913216,1558.49296159037,1.4898888378428115,4586.75006101118,3301.79754697861,3301.79754697861,0.066955635010806,1,1,0.5,0.015907727657855,21.5254475721235,1131.72871181198,9,15.61,0.11256169000000021,3.5676486315789457,0.1672329100815896,0.29174591559463986,NA,0.053693503834751,0.5,0,0.015907727657855,3,0.066955635010806,0.08199560292848691,8.453467695877288,C17,17,0.06231219609444228,14.092094406598646
Gordon Gulch Conifer Forest,7,16:0,25,0,2084.984,2106.4065,2119.678,1153.97926178286,1953.35561383096,263.629396252708,135.704873192637,263.629396252708,135.704873192637,14567.3452097947,29658.6319319797,2.0123298385949244,6546.33870725435,4810.68080458585,4810.68080458585,0.0904194862531241,1,1,0.5,0.0143768563889012,-76.7946276491597,18144.9488640285,8,14.559166666666666,1.750675684583336,48.98105542281421,2.917843416971258,4.5558481383810445,NA,0.0805187532876728,0.5,0,0.0143768563889012,7,0.0904194862531241,0.055669299479126105,12.451156868245656,C16,16,0.048454773857341135,16.67505012464594
Gordon Gulch Conifer Forest,7,16:1 cis,23,0,2025.21,2037.123,2046.946,470.803984300922,841.668848293618,266.523403648855,141.166587090218,266.523403648855,141.166587090218,4151.07338626764,8678.44956770778,2.0492457740186847,6684.82431003141,4917.31471872419,4917.31471872419,0.0920772163587097,1,1,0.5,0.0139730386424979,-102.729282480926,7663.61589204144,NA,NA,NA,NA,NA,NA,NA,0.0805187532876728,0.5,0,0.0139730386424979,7,0.0920772163587097,0.05740569130042119,12.07453764353256,C16,16,0.048454773857341135,16.67505012464594
Gordon Gulch Conifer Forest,7,16:1 trans,24,0,2051.753,2060.4265,2070.981,248.945235629007,498.789238699282,257.380733780113,134.113073857347,257.380733780113,134.113073857347,1825.49424147206,3920.53961844492,1.9726114037937168,6397.66297310734,4696.20048929266,4696.20048929266,0.0886374810023188,1,1,0.5,0.0140825583173204,-95.6955482106535,3018.14319069836,NA,NA,NA,NA,NA,NA,NA,0.0805187532876728,0.5,0,0.0140825583173204,7,0.0886374810023188,0.05426120226841474,12.774268751568446,C16,16,0.048454773857341135,16.67505012464594
Gordon Gulch Conifer Forest,7,17:0 cyclo,30,0,2301.1945,2317.601,2326.588,545.75785641689,556.19695861476,272.830368225151,125.392001074562,272.830368225151,125.392001074562,5115.483080942,5923.47380179831,1.2065798939208374,3524.59829765253,2483.94068919245,2483.94068919245,0.0542328455901283,1,1,0.5,0.0129263855486887,-169.948144014048,5844.94133756643,13,15.994166666666667,0.5074488033333338,14.457604668516463,0.8457589497739091,1.3461719302992297,NA,0.0805187532876728,0.5,0,0.0129263855486887,7,0.0542328455901283,0.027349248156596704,25.34428648974603,C17,17,0.048454773857341135,16.67505012464594
Gordon Gulch Conifer Forest,7,18:0,35,0,2604.4535,2617.307,2633.4,427.052809131105,460.854377527639,291.124794556813,150.23809211941,291.124794556813,150.23809211941,6140.68509958191,8090.95161008289,1.2474244414228113,3677.93710592453,2602.01157156188,2602.01157156188,0.056069227061958,1,1,0.5,0.0143565560300064,-78.0983991664775,9210.39825887059,18,17.97833333333333,0.7605564995833358,19.291901483601613,1.2676167135927225,1.7929910145633454,NA,0.0805187532876728,0.5,0,0.0143565560300064,7,0.056069227061958,0.027831225297070595,24.905377796388404,C18,18,0.048454773857341135,16.67505012464594
Gordon Gulch Conifer Forest,7,18:1 cis,49.333333333333336,0,2523.81435742188,2558.717358072917,2565.68397916667,1061.64726292322,1733.44695473665,362.075507627621,162.481558106496,362.075507627621,162.481558106496,24028.5423390409,32735.1119518592,1.1084304472473179,3156.90263335363,2200.81502768229,2200.81502768229,0.0498260093560936,1.6666666666666667,1.6666666666666667,0.5,0.0136459164806039,-123.738115884007,13712.0600537114,NA,NA,NA,NA,NA,NA,NA,0.0805187532876728,0.5,0,0.0136459164806039,7,0.0498260093560936,0.02373487041962741,29.203748253318935,C18,18,0.048454773857341135,16.67505012464594
Gordon Gulch Conifer Forest,7,18:1 trans,33.5,0,2527.437,2570.8045,2580.0005,1195.55574585972,2566.17798976124,287.106538537511,165.335986520391,287.106538537511,165.335986520391,28829.88771737,47935.8387292125,2.1924814183314787,7221.03964610676,5330.20052750221,5330.20052750221,0.0984870024429291,1,2,0.5,0.0138826966888311,-108.531348372266,15945.4333417767,NA,NA,NA,NA,NA,NA,NA,0.0805187532876728,0.5,0,0.0138826966888311,7,0.0984870024429291,0.0633796165345018,10.936436956550825,C18,18,0.048454773857341135,16.67505012464594
Gordon Gulch Conifer Forest,7,18:2,48.666666666666664,0,2508.13934895833,2541.648974609375,2550.28770638021,852.517566399994,1312.16300319909,272.700314186928,110.450935234639,272.700314186928,110.450935234639,20433.5047898428,27925.1974561777,0.8064961644658396,2024.73101835437,1329.04288413287,1329.04288413287,0.03625635696176,1.6666666666666667,1.6666666666666667,0.5,0.0135716440031417,-128.508110721507,8064.72345813605,NA,NA,NA,NA,NA,NA,NA,0.0805187532876728,0.5,0,0.0135716440031417,7,0.03625635696176,0.014409694337321914,48.102837182649694,C18,18,0.048454773857341135,16.67505012464594
Gordon Gulch Conifer Forest,7,a-15:0,19,0,1743.269,1756.018,1760.825,444.199338527859,619.245020588399,264.200883288457,145.329794981488,264.200883288457,145.329794981488,2882.58234014399,4485.05590822957,1.555915973593848,4836.12091785087,3493.81310674517,3493.81310674517,0.0699421858049735,1,1,0.5,0.013312885514746,-145.12584559035,3676.75688860711,3,12.375,0.2642159883333344,8.419773830508474,0.4403387538913784,0.8052547851118412,NA,0.0805187532876728,0.5,0,0.013312885514746,7,0.0699421858049735,0.039065869653771006,17.74303725228951,C15,15,0.048454773857341135,16.67505012464594
Gordon Gulch Conifer Forest,7,i-15:0,18,0,1723.414,1735.536,1742.433,518.627912979631,1273.74677354428,235.288511391015,99.2380095191604,235.288511391015,99.2380095191604,3619.84303352141,10142.4243831263,2.8018961842275574,9509.69667253093,7092.46643784882,7092.46643784882,0.125881503515051,1,1,0.5,0.0148790289965087,-44.5429047339153,2808.48925002031,2,12.246666666666666,0.3189883400000011,10.366428266666663,0.5316216063513615,0.991429952192417,NA,0.0805187532876728,0.5,0,0.0148790289965087,7,0.125881503515051,0.0912662036878515,7.594784844241423,C15,15,0.048454773857341135,16.67505012464594
Gordon Gulch Conifer Forest,7,i-17:0,35,0,2253.02,2262.843,2271.203,301.398051819286,725.3127161428,275.328346309513,129.493660269753,275.328346309513,129.493660269753,2006.3225140117,5219.87487423588,2.6017127544457366,8758.82405358205,6514.29452125818,6514.29452125818,0.116898325053522,1,1,0.5,0.015907727657855,21.5254475721235,1131.72871181198,9,15.626666666666667,0.08043641833333376,2.5310819999999996,0.1340542350968592,0.24206895969405906,NA,0.0805187532876728,0.5,0,0.015907727657855,7,0.116898325053522,0.08065743634819114,8.593716983114726,C17,17,0.048454773857341135,16.67505012464594
Marshall Mesa Grassland,0,16:0,22,0,2084.984,2109.3325,2125.321,1472.80586136264,390.548760811965,249.421710092036,90.0135375481168,249.421710092036,90.0135375481168,19548.9099397851,6069.39669995934,0.3104373951222247,164.152115591148,-103.602870994816,-103.602870994816,0.0139594363513116,1,1,0.5,0.0139594363513116,-103.602870994816,19548.9099397851,8.5,14.599166666666665,3.9810129454166594,105.08216389194712,5.8311942800292975,8.124027738122908,NA,0.0140713650744286,0.5,0,0.0139594363513116,0,0.0139594363513116,NA,NA,C16,16,0,0
Marshall Mesa Grassland,0,16:1 cis,20,0,2025.837,2040.1535,2052.38,775.750097969736,201.317597053133,279.578345296547,100.126103594986,279.578345296547,100.126103594986,7222.42730181065,2179.89715396521,0.30148310446557014,130.553658945709,-129.473682611804,-129.473682611804,0.0135566089459725,1,1,0.5,0.0135566089459725,-129.473682611804,7222.42730181065,NA,NA,NA,NA,NA,NA,NA,0.0140713650744286,0.5,0,0.0135566089459725,0,0.0135566089459725,NA,NA,C16,16,0,0
Marshall Mesa Grassland,0,16:1 trans,21,0,2052.9025,2064.084,2079.0275,540.684160428644,145.387179652138,271.064656206919,96.3445290171452,271.064656206919,96.3445290171452,3990.51786349768,1214.51260447807,0.30427198593002824,141.023596630779,-121.4118305943,-121.4118305943,0.0136821384563051,1,1,0.5,0.0136821384563051,-121.4118305943,3990.51786349768,NA,NA,NA,NA,NA,NA,NA,0.0140713650744286,0.5,0,0.0136821384563051,0,0.0136821384563051,NA,NA,C16,16,0,0
Marshall Mesa Grassland,0,17:0 cyclo,29.5,0,2301.6125,2318.228,2327.424,622.956358464118,161.363485526387,258.995254478184,92.5569666828368,258.995254478184,92.5569666828368,5768.64462948397,1741.06268265289,0.3019645942212827,132.412693828418,-128.042225752118,-128.042225752118,0.013578898189272,1,1,0.5,0.013578898189272,-128.042225752118,5768.64462948397,14.5,16.024166666666666,1.1204217691666725,29.269283280929596,1.6415132917938895,2.2601935748987345,NA,0.0140713650744286,0.5,0,0.013578898189272,0,0.013578898189272,NA,NA,C17,17,0,0
Marshall Mesa Grassland,0,18:0,37.5,0,2602.9905,2618.143,2625.667,528.833164938728,161.203869491403,289.197638295902,100.561238069099,289.197638295902,100.561238069099,5310.15863064515,1790.46166956368,0.33715042500418047,264.40238933484,-26.4101602121734,-26.4101602121734,0.0151613625276369,1,1,0.5,0.0151613625276369,-26.4101602121734,5310.15863064515,19.5,18.010833333333334,1.0564172975000035,26.121480529850732,1.5476462886129727,2.0181537529091775,NA,0.0140713650744286,0.5,0,0.0151613625276369,0,0.0151613625276369,NA,NA,C18,18,0,0
Marshall Mesa Grassland,0,18:1 cis,34.5,0,2529.736,2551.3675000000003,2557.6375,1026.90197481689,300.475079923982,310.836217041875,108.650199483815,310.836217041875,108.650199483815,14476.2438851634,4619.44560334963,0.3187256521723465,195.295237083523,-79.6226674456869,-79.6226674456869,0.014332822211962,1,1,0.5,0.014332822211962,-79.6226674456869,14476.2438851634,NA,NA,NA,NA,NA,NA,NA,0.0140713650744286,0.5,0,0.014332822211962,0,0.014332822211962,NA,NA,C18,18,0,0
Marshall Mesa Grassland,0,18:1 trans,35.5,0,2557.6375,2572.163,2580.8365,1335.19545968925,355.562291896476,638.97665926023,232.120011532075,638.97665926023,232.120011532075,16085.9622399202,4741.90342344372,0.29520654807323676,107.110075632807,-147.525241762739,-147.525241762739,0.0132755315087626,1,1,0.5,0.0132755315087626,-147.525241762739,16085.9622399202,NA,NA,NA,NA,NA,NA,NA,0.0140713650744286,0.5,0,0.0132755315087626,0,0.0132755315087626,NA,NA,C18,18,0,0
Marshall Mesa Grassland,0,18:2,33.5,0,2509.254,2519.7039999999997,2529.109,261.368708170753,79.0664981890276,238.032209669889,86.9382152632447,238.032209669889,86.9382152632447,2520.07804938637,762.525175908975,0.3026557413741021,135.028209117505,-126.028278979521,-126.028278979521,0.0136102568846809,1,1,0.5,0.0136102568846809,-126.028278979521,2520.07804938637,NA,NA,NA,NA,NA,NA,NA,0.0140713650744286,0.5,0,0.0136102568846809,0,0.0136102568846809,NA,NA,C18,18,0,0
Marshall Mesa Grassland,0,a-15:0,16.5,0,1746.613,1757.481,1771.275,594.959003505367,160.720558989284,274.141789122841,95.1289183311697,274.141789122841,95.1289183311697,3940.64816975196,1205.53784752459,0.30592052672868997,147.163398662262,-116.684183030058,-116.684183030058,0.0137557513808984,1,1,0.5,0.0137557513808984,-116.684183030058,3940.64816975196,3,12.405833333333334,1.1459996477142815,36.01921794642857,1.677865934070885,2.7881644390616542,NA,0.0140713650744286,0.5,0,0.0137557513808984,0,0.0137557513808984,NA,NA,C15,15,0,0
Marshall Mesa Grassland,0,i-15:0,15.5,0,1722.996,1738.044,1745.6725,830.874713839452,223.812645082566,226.806213550207,84.3323565507617,226.806213550207,84.3323565507617,7006.38663377153,2184.388820236,0.3118044311494411,169.223247611932,-99.6980993388127,-99.6980993388127,0.0140202361557098,1,1,0.5,0.0140202361557098,-99.6980993388127,7006.38663377153,2,12.279166666666667,1.8508515818690419,56.73115855069297,2.709899774901433,4.391103462041574,NA,0.0140713650744286,0.5,0,0.0140202361557098,0,0.0140202361557098,NA,NA,C15,15,0,0
Marshall Mesa Grassland,0,i-16:0,17.5,0,1927.398,1934.504,1942.5505,114.071218098571,35.9500182963858,229.915245535021,84.5706700465494,229.915245535021,84.5706700465494,738.336515920084,230.946973390478,0.3127988548071172,172.983429587622,-96.8027592175309,-96.8027592175309,0.0140653184099849,1,1,0.5,0.0140653184099849,-96.8027592175309,738.336515920084,5.5,13.95,0.7959514291666673,23.67092060833334,1.1659069418597308,1.8294496434119876,NA,0.0140713650744286,0.5,0,0.0140653184099849,0,0.0140653184099849,NA,NA,C16,16,0,0
Marshall Mesa Grassland,0,i-17:0,27,0,2250.721,2261.6935000000003,2270.158,392.921371060273,116.095124101291,249.167618159289,89.8305784885237,249.167618159289,89.8305784885237,2696.63635201999,876.639283023452,0.32531360074051346,219.967260919866,-60.625209091703,-60.625209091703,0.0146286220267536,1,1,0.5,0.0146286220267536,-60.625209091703,2696.63635201999,11.5,15.66,0.5503297274999983,15.254353123809524,0.8062709866806261,1.1780974751167665,NA,0.0140713650744286,0.5,0,0.0146286220267536,0,0.0146286220267536,NA,NA,C17,17,0,0
Marshall Mesa Grassland,3,16:0,19.666666666666668,0,2083.312,2105.5356666666667,2117.86666666667,1211.04598460416,1353.48803596744,246.880589941331,105.029083649611,246.880589941331,105.029083649611,14304.3278172319,19091.8431227076,1.3409769610265125,4030.65765684342,2873.60639576943,2873.60639576943,0.0602949426488331,1,1,0.5,0.0139594363513116,-103.602870994816,19548.9099397851,8,14.596111111111112,3.4767747113888836,91.99688807336642,5.176682612861615,7.552820472982503,NA,0.0546697272209307,0.5,0,0.0139594363513116,3,0.0602949426488331,0.07284437793521441,9.515451984179334,C16,16,0.063418872916652,13.136984533812209
Marshall Mesa Grassland,3,16:1 cis,17.666666666666668,0,2024.23466666667,2036.7746666666667,2049.80233333333,570.240071942785,583.49111999597,259.022529257823,118.673358921317,259.022529257823,118.673358921317,4675.11558822845,5491.40991182116,1.1744202785528401,3405.77998075955,2392.45058518485,2392.45058518485,0.052809489471591,1,1,0.5,0.0135566089459725,-129.473682611804,7222.42730181065,NA,NA,NA,NA,NA,NA,NA,0.0546697272209307,0.5,0,0.0135566089459725,3,0.052809489471591,0.06051283267625361,11.454548562753855,C16,16,0.063418872916652,13.136984533812209
Marshall Mesa Grassland,3,16:1 trans,18.666666666666668,0,2050.77766666667,2060.8096666666665,2070.49333333333,392.936206318035,346.051338396407,254.978929049667,113.623766745297,254.978929049667,113.623766745297,2626.29275937283,2595.89806349274,0.9853311703494416,2696.34959419783,1846.18918753233,1846.18918753233,0.0443097415920705,1,1,0.5,0.0136821384563051,-121.4118305943,3990.51786349768,NA,NA,NA,NA,NA,NA,NA,0.0546697272209307,0.5,0,0.0136821384563051,3,0.0443097415920705,0.046268777489718416,14.980883830656051,C16,16,0.063418872916652,13.136984533812209
Marshall Mesa Grassland,3,17:0 cyclo,25,0,2297.537,2315.093,2325.40366666667,474.433150231439,245.769347614029,251.430040835771,103.863883554825,251.430040835771,103.863883554825,3973.95465718756,2403.69900133292,0.6054461380076767,1271.25128856855,748.86349219778,748.86349219778,0.0272311284464071,1,1,0.5,0.013578898189272,-128.042225752118,5768.64462948397,13,16.024444444444445,0.9410350750000049,24.943196309487124,1.388473240233501,2.018274201874542,NA,0.0546697272209307,0.5,0,0.013578898189272,3,0.0272311284464071,0.019826587055113,34.96048909644246,C17,17,0.063418872916652,13.136984533812209
Marshall Mesa Grassland,3,18:0,32.333333333333336,0,2601.841,2615.3563333333336,2631.37966666667,438.169772998696,530.443623216531,272.531831995362,121.939612281945,272.531831995362,121.939612281945,5196.00558731134,6802.71740282605,1.3174927073921512,3942.34417222692,2805.60501261473,2805.60501261473,0.0592371451405484,1,1,0.5,0.0151613625276369,-26.4101602121734,5310.15863064515,18.333333333333332,18.011666666666667,1.0119805794444485,24.55597328311978,1.5135631330425288,2.0160124275520857,NA,0.0546697272209307,0.5,0,0.0151613625276369,3,0.0592371451405484,0.0692891900692353,10.003684266872469,C18,18,0.063418872916652,13.136984533812209
Marshall Mesa Grassland,3,18:1 cis,29.333333333333332,0,2528.273,2547.0133333333333,2552.58666666667,819.607199997084,468.975344998283,278.824864850866,115.069321565905,278.824864850866,115.069321565905,9185.56748062964,6442.69041239483,0.6991970719601032,1622.86245402657,1019.60408960046,1019.60408960046,0.0314454364360413,1,1,0.5,0.014332822211962,-79.6226674456869,14476.2438851634,NA,NA,NA,NA,NA,NA,NA,0.0546697272209307,0.5,0,0.014332822211962,3,0.0314454364360413,0.025128281289560406,27.584345008423423,C18,18,0.063418872916652,13.136984533812209
Marshall Mesa Grassland,3,18:1 trans,30.333333333333332,0,2552.58666666667,2567.704333333333,2577.24866666667,1125.64745164963,1908.12007277631,457.771013876673,482.123938687974,457.771013876673,482.123938687974,13018.8868775749,25216.611440885,1.9400934811340351,6277.86388959814,4603.95519499057,4603.95519499057,0.087205463969818,1,1,0.5,0.0132755315087626,-147.525241762739,16085.9622399202,NA,NA,NA,NA,NA,NA,NA,0.0546697272209307,0.5,0,0.0132755315087626,3,0.087205463969818,0.12480266469058027,5.553945360689578,C18,18,0.063418872916652,13.136984533812209
Marshall Mesa Grassland,3,18:2,28.333333333333332,0,2508.27866666667,2518.032,2527.29766666667,190.222991435541,106.250081741075,235.487205736572,91.1872621893475,235.487205736572,91.1872621893475,1726.17159913326,948.971462858373,0.5504961557771895,1065.08461814238,590.115155969636,590.115155969636,0.0247599093275053,1,1,0.5,0.0136102568846809,-126.028278979521,2520.07804938637,NA,NA,NA,NA,NA,NA,NA,0.0546697272209307,0.5,0,0.0136102568846809,3,0.0247599093275053,0.016104997935932917,43.03925919874967,C18,18,0.063418872916652,13.136984533812209
Marshall Mesa Grassland,3,a-15:0,15.666666666666666,0,1743.96566666667,1753.9976666666666,1762.14866666667,369.86886211916,320.798558656895,261.352463844071,115.019981523762,261.352463844071,115.019981523762,2134.99630914887,2082.92841770537,0.9756699107603487,2660.19930951303,1818.35346832503,1818.35346832503,0.0438765923286093,1,1,0.5,0.0137557513808984,-116.684183030058,3940.64816975196,3,12.403888888888888,0.7439869269522664,23.335103833217886,1.0969972139063826,1.8752416999411308,NA,0.0546697272209307,0.5,0,0.0137557513808984,3,0.0438765923286093,0.04546372194039242,15.246160036539287,C15,15,0.063418872916652,13.136984533812209
Marshall Mesa Grassland,3,i-15:0,14.666666666666666,0,1722.09033333333,1734.9786666666666,1742.50266666667,584.463551952521,646.500865096919,227.859075447083,88.3246999227109,227.859075447083,88.3246999227109,4247.31786594137,5448.80888806777,1.2821104948934159,3809.81170818701,2703.555015304,2703.555015304,0.0576496120281003,1,1,0.5,0.0140202361557098,-99.6980993388127,7006.38663377153,2,12.276111111111112,1.326302256936616,41.38236654565645,1.9502704652421425,3.3145648072334466,NA,0.0546697272209307,0.5,0,0.0140202361557098,3,0.0576496120281003,0.06814246957342335,10.172029057636088,C15,15,0.063418872916652,13.136984533812209
Marshall Mesa Grassland,3,i-17:0,23,0,2248.84,2259.499,2266.32633333333,291.167333681358,388.288458652225,244.131814192052,98.0150205744289,244.131814192052,98.0150205744289,1877.07982795101,2763.81287594343,1.4691814046224179,4511.43808934715,3243.8073287973,3243.8073287973,0.0660536145339407,1,1,0.5,0.0146286220267536,-60.625209091703,2696.63635201999,10.333333333333334,15.661111111111111,0.4800570824999986,13.485068184053299,0.7109335525547231,1.0943561107540676,NA,0.0546697272209307,0.5,0,0.0146286220267536,3,0.0660536145339407,0.08217342224099006,8.435174800523118,C17,17,0.063418872916652,13.136984533812209
Marshall Mesa Grassland,7,16:0,20.333333333333332,0,2082.96366666667,2103.376,2112.64166666667,1023.4384142507,1129.27698318813,247.723054647438,107.439871969156,247.723054647438,107.439871969156,10983.7021735056,14505.4822769812,1.3502749790912842,4062.03934882795,2897.77029859752,2897.77029859752,0.0606706774492626,1,1,0.5,0.0139594363513116,-103.602870994816,19548.9099397851,5,14.571111111111112,0.7424102127777789,21.55473332730356,1.7131494285664028,3.291647585941445,NA,0.0611148208106672,0.5,0,0.0139594363513116,7,0.0606706774492626,0.031502246286501744,22.003103342409865,C16,16,0.031872102422429036,23.354610966685755
Marshall Mesa Grassland,7,16:1 cis,18.333333333333332,0,2023.46833333333,2033.152,2041.58166666667,260.673435662164,338.500675760245,248.942382270126,108.954113812917,248.942382270126,108.954113812917,1785.02822551095,2517.44370248379,1.4211259049345453,4327.52836622763,3102.19684199528,3102.19684199528,0.06385086568222,1,1,0.5,0.0135566089459725,-129.473682611804,7222.42730181065,NA,NA,NA,NA,NA,NA,NA,0.0611148208106672,0.5,0,0.0135566089459725,7,0.06385086568222,0.03416580973342184,20.287743389318578,C16,16,0.031872102422429036,23.354610966685755
Marshall Mesa Grassland,7,16:1 trans,19.333333333333332,0,2049.73266666667,2058.3016666666667,2067.428,206.547342096379,273.958908859102,246.695403160086,109.489365901822,246.695403160086,109.489365901822,1359.36427205512,1857.65584646798,1.3824486672878964,4182.57355571262,2990.58163789872,2990.58163789872,0.0621146264893419,1,1,0.5,0.0136821384563051,-121.4118305943,3990.51786349768,NA,NA,NA,NA,NA,NA,NA,0.0611148208106672,0.5,0,0.0136821384563051,7,0.0621146264893419,0.032763672606757624,21.155967124912035,C16,16,0.031872102422429036,23.354610966685755
Marshall Mesa Grassland,7,17:0 cyclo,26.333333333333332,0,2302.41366666667,2313.421,2322.68666666667,291.419223047735,226.406640009641,282.070745518211,134.128116836236,282.070745518211,134.128116836236,1993.94605825437,1739.70193948709,0.8892793156530943,2333.42305962968,1566.73575591485,1566.73575591485,0.0399608319445102,1,1,0.5,0.013578898189272,-128.042225752118,5768.64462948397,7,16.013333333333332,0.22925612500000137,6.578417509433963,0.45220826967103445,0.8669875546795273,NA,0.0611148208106672,0.5,0,0.013578898189272,7,0.0399608319445102,0.016902930975889716,41.00751411389232,C17,17,0.031872102422429036,23.354610966685755
Marshall Mesa Grassland,7,18:0,29,0,2598.288,2610.41,2639.252,194.558191773789,292.089137135317,262.717600948058,118.355774355923,262.717600948058,118.355774355923,3652.33497499675,5374.14145549847,1.4714262224820298,4520.08348104616,3250.46428040555,3250.46428040555,0.0661571844620898,1,1,0.5,0.0151613625276369,-26.4101602121734,5310.15863064515,11,18.001666666666665,0.41403740000000167,9.92197571641791,0.8166897884760708,1.307644194311253,NA,0.0611148208106672,0.5,0,0.0151613625276369,7,0.0661571844620898,0.034973928585969837,19.818968259631223,C18,18,0.031872102422429036,23.354610966685755
Marshall Mesa Grassland,7,18:1 cis,30.333333333333332,0,2528.482,2544.4356666666667,2550.35733333333,594.728163868788,388.667294762044,304.41396425921,134.608092603522,304.41396425921,134.608092603522,5674.80741672536,4718.10487683344,0.8298716764257233,2110.56212028004,1395.13283261563,1395.13283261563,0.0372902674674752,1,1,0.5,0.014332822211962,-79.6226674456869,14476.2438851634,NA,NA,NA,NA,NA,NA,NA,0.0611148208106672,0.5,0,0.014332822211962,7,0.0372902674674752,0.014641723973003461,47.34054417621696,C18,18,0.031872102422429036,23.354610966685755
Marshall Mesa Grassland,7,18:1 trans,31.333333333333332,0,2550.35733333333,2563.4546666666665,2575.089,780.261574983823,1517.13444487954,456.512328411739,413.841803154,456.512328411739,413.841803154,8219.14081949029,18616.7747494964,2.2719653163850584,7515.95891931862,5557.28836787534,5557.28836787534,0.102025399267249,1,1,0.5,0.0132755315087626,-147.525241762739,16085.9622399202,NA,NA,NA,NA,NA,NA,NA,0.0611148208106672,0.5,0,0.0132755315087626,7,0.102025399267249,0.06712232032044174,10.3266272269919,C18,18,0.031872102422429036,23.354610966685755
Marshall Mesa Grassland,7,18:2,29.333333333333332,0,2508.627,2518.7286666666664,2527.29766666667,202.385855595672,136.991363527861,242.159972354364,95.5276464090395,242.159972354364,95.5276464090395,1803.22448079474,1232.10745613179,0.6841230931233272,1564.30391899866,974.51401762897,974.51401762897,0.0307435944262038,1,1,0.5,0.0136102568846809,-126.028278979521,2520.07804938637,NA,NA,NA,NA,NA,NA,NA,0.0611148208106672,0.5,0,0.0136102568846809,7,0.0307435944262038,0.010748578583441368,64.48733431858305,C18,18,0.031872102422429036,23.354610966685755
Marshall Mesa Grassland,7,a-15:0,19,0,1741.597,1752.4650000000001,1758.944,163.92044145124,189.453892954306,245.443453061847,109.107443121375,245.443453061847,109.107443121375,953.407854321741,1120.14016728097,1.1748803643723353,3401.78598959181,2389.3752119857,2389.3752119857,0.0527616662968614,1,1,0.5,0.0137557513808984,-116.684183030058,3940.64816975196,2,12.39,0.02384280500000005,1.028623416666668,0.05916697878021584,0.16852277602376858,NA,0.0611148208106672,0.5,0,0.0137557513808984,7,0.0527616662968614,0.025779058336501383,26.88799456954936,C15,15,0.031872102422429036,23.354610966685755
Marshall Mesa Grassland,7,i-15:0,18,0,1724.041,1732.6100000000001,1740.343,235.933058477671,387.947162706863,231.46262006668,92.3809233326598,231.46262006668,92.3809233326598,1394.97274674047,2427.97538109444,1.7405181475894183,5520.99450209332,4021.16576661186,4021.16576661186,0.0781435449238489,1,1,0.5,0.0140202361557098,-99.6980993388127,7006.38663377153,1,12.261666666666667,0.04015264916666672,1.6763215000000002,0.09964058093054134,0.2746372949624121,NA,0.0611148208106672,0.5,0,0.0140202361557098,7,0.0781435449238489,0.04529807000942537,15.30191419669136,C15,15,0.031872102422429036,23.354610966685755
Marshall Mesa Grassland,7,i-17:0,24.333333333333332,0,2250.37266666667,2259.220333333333,2265.978,220.63219533523,356.000189238701,253.5136998047,109.027943626513,253.5136998047,109.027943626513,1336.40010651325,2428.93092855369,1.8061058838542206,5770.21615750624,4213.0664412798,4213.0664412798,0.0811276133482344,1,1,0.5,0.0146286220267536,-60.625209091703,2696.63635201999,6,15.651666666666667,0.1268217574999998,3.815859604166673,0.25015622817368177,0.502902526705319,NA,0.0611148208106672,0.5,0,0.0146286220267536,7,0.0811276133482344,0.04743161105991214,14.613612421564438,C17,17,0.031872102422429036,23.354610966685755
Niwot Ridge Tundra,0,16:0,27.11111111111111,0,2061.71533333333,2085.3323333333333,2100.28744444444,1355.12420016359,354.78495443903,252.79141076705,99.769948776161,252.79141076705,99.769948776161,17645.9486401328,5443.49778540992,0.3085998149092779,156.833162899768,-109.238464567178,-109.238464567178,0.0138716862868682,1,1,0.5,0.0138716862868682,-109.238464567178,17645.9486401328,10,14.620740740740741,15.82202495203704,297.124158765641,11.121003316500373,10.492596125415433,NA,0.0141859192962608,0.5,0,0.0138716862868682,0,0.0138716862868682,NA,NA,C16,16,0,0
Niwot Ridge Tundra,0,16:1 cis,25.11111111111111,0,2002.40577777778,2018.4523333333334,2028.99522222222,856.107039209488,222.857127515382,287.026526763073,111.861351180605,287.026526763073,111.861351180605,8893.48285353113,2688.26188628846,0.3021147011376698,132.506034142463,-127.970353710304,-127.970353710304,0.0135800168738151,1,1,0.5,0.0135800168738151,-127.970353710304,8893.48285353113,NA,NA,NA,NA,NA,NA,NA,0.0141859192962608,0.5,0,0.0135800168738151,0,0.0135800168738151,NA,NA,C16,16,0,0
Niwot Ridge Tundra,0,16:1 trans,26.11111111111111,0,2030.06344444444,2040.3741111111112,2051.03311111111,462.071476834104,124.479278434927,272.264063170439,104.612726635799,272.264063170439,104.612726635799,3327.5005761333,1010.44018285672,0.30384013722921355,139.000806819692,-122.969378748837,-122.969378748837,0.0136578852745407,1,1,0.5,0.0136578852745407,-122.969378748837,3327.5005761333,NA,NA,NA,NA,NA,NA,NA,0.0141859192962608,0.5,0,0.0136578852745407,0,0.0136578852745407,NA,NA,C16,16,0,0
Niwot Ridge Tundra,0,17:0 cyclo,33.111111111111114,0,2277.79811111111,2292.195888888889,2301.46155555556,474.362807656511,121.148121968558,266.624955331236,103.451478958979,266.624955331236,103.451478958979,3637.97536235237,1089.05140235542,0.2992827553352852,121.923567701924,-136.118852869519,-136.118852869519,0.013453138602769,1,1,0.5,0.013453138602769,-136.118852869519,3637.97536235237,16.11111111111111,16.014074074074074,3.7269424132407596,90.92229231554877,2.6179613886766133,3.1874679595557924,NA,0.0141859192962608,0.5,0,0.013453138602769,0,0.013453138602769,NA,NA,C17,17,0,0
Niwot Ridge Tundra,0,18:0,40.111111111111114,0,2578.92066666667,2592.9701111111112,2599.124,480.323586267076,136.280992488579,276.120845038849,105.014680399739,276.120845038849,105.014680399739,3621.04516356092,1198.84220166109,0.3305253926568834,239.027394169427,-45.9489064895411,-45.9489064895411,0.0148571379406509,1,1,0.5,0.0148571379406509,-45.9489064895411,3621.04516356092,22.11111111111111,18.00037037037037,3.4232495828284843,80.49324798030547,2.4149716169636735,2.833853227493526,NA,0.0141859192962608,0.5,0,0.0148571379406509,0,0.0148571379406509,NA,NA,C18,18,0,0
Niwot Ridge Tundra,0,18:1 cis,40.3,0,2504.30069921875,2524.1975025390625,2531.90960175781,756.621088552152,223.660764266935,315.637848595957,116.574948486578,315.637848595957,116.574948486578,11509.08077045,3638.8974436459,0.321909067669805,206.350145944299,-71.11038762289,-71.11038762289,0.0144653605241774,1.2,1.1,0.5,0.0145100263461861,-68.2418889616965,8435.36683245754,NA,NA,NA,NA,NA,NA,NA,0.0141859192962608,0.5,0,0.0145100263461861,0,0.0144653605241774,NA,NA,C18,18,0,0
Niwot Ridge Tundra,0,18:1 trans,38.333333333333336,0,2526.53133333333,2547.617111111111,2556.55766666667,1325.59291637335,342.613538895849,473.584387073993,176.181686285672,473.584387073993,176.181686285672,19368.469229325,5614.05149275622,0.2895700227293807,85.4725580432595,-164.18613030669,-164.18613030669,0.0130161061914152,1,1.1111111111111112,0.5,0.012979865758869,-166.513573093026,17275.6915219693,NA,NA,NA,NA,NA,NA,NA,0.0141859192962608,0.5,0,0.012979865758869,0,0.0130161061914152,NA,NA,C18,18,0,0
Niwot Ridge Tundra,0,18:2,36.44444444444444,0,2483.19866666667,2496.6443333333336,2504.77211111111,331.8435384662,96.3654964665639,247.723370733413,98.149560319015,247.723370733413,98.149560319015,3051.03439419107,934.053075773936,0.30647281428827894,148.853631977527,-115.382703377304,-115.382703377304,0.0137760154892704,1,1,0.5,0.0137760154892704,-115.382703377304,3051.03439419107,NA,NA,NA,NA,NA,NA,NA,0.0141859192962608,0.5,0,0.0137760154892704,0,0.0137760154892704,NA,NA,C18,18,0,0
Niwot Ridge Tundra,0,a-15:0,20.22222222222222,0,1721.69555555556,1734.3981111111111,1746.05566666667,573.779444915565,153.71302218499,277.724924631873,104.524808434747,277.724924631873,104.524808434747,4073.44261012497,1276.58595475883,0.3156310492865229,183.2128789807,-88.9260831848606,-88.9260831848606,0.0141879614694216,1,1,0.5,0.0141879614694216,-88.9260831848606,4073.44261012497,3.4444444444444446,12.398888888888889,4.39529574435185,129.21921658162375,3.0862278774995695,4.528580704367993,NA,0.0141859192962608,0.5,0,0.0141879614694216,0,0.0141879614694216,NA,NA,C15,15,0,0
Niwot Ridge Tundra,0,i-15:0,19.22222222222222,0,1700.14533333333,1713.8696666666667,1720.55766666667,663.520824073119,184.224226618563,235.284582557269,95.1298760245027,235.284582557269,95.1298760245027,5235.65050049662,1710.9516330554,0.3264680818139253,223.832900156678,-57.6486668793579,-57.6486668793579,0.0146749677396367,1,1,0.5,0.0146749677396367,-57.6486668793579,5235.65050049662,2.4444444444444446,12.269814814814815,5.480346955000005,148.8228580840371,3.823809099794346,5.2043928609700005,NA,0.0141859192962608,0.5,0,0.0146749677396367,0,0.0146749677396367,NA,NA,C15,15,0,0
Niwot Ridge Tundra,0,i-16:0,24.5,0,1958.721875,1972.07175,1980.066,377.631233425242,112.490678202236,260.33453916894,103.566264547215,260.33453916894,103.566264547215,2945.06646808428,943.981130344131,0.32104508620225863,203.393988864653,-73.3866285742175,-73.3866285742175,0.0144299200803822,1,1,0.5,0.0144299200803822,-73.3866285742175,2945.06646808428,6.75,13.934375,2.455202944375004,63.86442185848149,1.7160166442629738,2.2376723461321157,NA,0.0141859192962608,0.5,0,0.0144299200803822,0,0.0144299200803822,NA,NA,C16,16,0,0
Niwot Ridge Tundra,0,i-17:0,31.375,0,2224.726625,2234.15775,2240.610625,265.615462897239,83.8535844069037,264.467957132446,104.07826982398,264.467957132446,104.07826982398,1573.36271751772,547.184497775756,0.347240913515943,301.619206733852,2.24678918506598,2.24678918506598,0.0156075566955635,1,1,0.5,0.0156075566955635,2.24678918506598,1573.36271751772,12.75,15.63875,1.5048017738541692,40.933632512084635,1.052985818160892,1.4330127121660061,NA,0.0141859192962608,0.5,0,0.0156075566955635,0,0.0156075566955635,NA,NA,C17,17,0,0
Niwot Ridge Tundra,3,16:0,22.857142857142858,0,2064.02428571429,2086.3574285714285,2101.64428571429,1244.23072746958,777.932122697496,246.81663645384,105.980574975132,246.81663645384,105.980574975132,15058.4608445076,11287.9996419146,0.7607793928032553,1854.77431303676,1198.1762210383,1198.1762210383,0.0342248384643331,1,1,0.5,0.0138716862868682,-109.238464567178,17645.9486401328,10,14.613809523809524,13.841828110952392,266.4322144213214,11.073976373288698,10.79639543165472,NA,0.0331519649638388,0.5,0,0.0138716862868682,3,0.0342248384643331,0.030046137570616405,23.06942710792245,C16,16,0.02811369658961833,28.210151120475853
Niwot Ridge Tundra,3,16:1 cis,20.857142857142858,0,2004.69814285714,2018.701142857143,2031.15157142857,688.180451498474,334.29419962587,265.053884154904,116.4978624565,265.053884154904,116.4978624565,6156.68369590192,3517.19920814146,0.5756305745530546,1160.14360805661,663.310578203592,663.310578203592,0.0258993427645109,1,1,0.5,0.0135800168738151,-127.970353710304,8893.48285353113,NA,NA,NA,NA,NA,NA,NA,0.0331519649638388,0.5,0,0.0135800168738151,3,0.0258993427645109,0.017838166456573316,38.85753517590494,C16,16,0.02811369658961833,28.210151120475853
Niwot Ridge Tundra,3,16:1 trans,21.857142857142858,0,2031.83828571429,2040.9745714285714,2050.34971428571,339.78500460104,153.523561337482,259.438516435295,111.52251174714,259.438516435295,111.52251174714,2249.65061205748,1102.01083942716,0.4806794240856929,803.922224280557,389.020112696029,389.020112696029,0.0216292536578635,1,1,0.5,0.0136578852745407,-122.969378748837,3327.5005761333,NA,NA,NA,NA,NA,NA,NA,0.0331519649638388,0.5,0,0.0136578852745407,3,0.0216292536578635,0.011436668405326625,60.607438809462394,C16,16,0.02811369658961833,28.210151120475853
Niwot Ridge Tundra,3,17:0 cyclo,28.142857142857142,0,2280.01085714286,2293.924285714286,2303.74728571429,420.624784295026,177.426515126815,256.024495719604,108.923804173097,256.024495719604,108.923804173097,3106.06330576438,1494.22435376823,0.5005239150571492,878.206095774835,446.218693746623,446.218693746623,0.0225195006357591,1,1,0.5,0.013453138602769,-136.118852869519,3637.97536235237,16.142857142857142,16.01404761904762,3.4850402085123116,82.83763090363267,2.72084745968264,3.2746915450735736,NA,0.0331519649638388,0.5,0,0.013453138602769,3,0.0225195006357591,0.013027272036594451,53.20739281507671,C17,17,0.02811369658961833,28.210151120475853
Niwot Ridge Tundra,3,18:0,34.42857142857143,0,2580.85142857143,2594.496142857143,2600.796,444.152599787335,269.251090465542,265.457442984158,110.497853877585,265.457442984158,110.497853877585,3307.35794211944,2339.89035975966,0.7066019833760955,1651.25057627451,1041.46294373137,1041.46294373137,0.0317856702900255,1,1,0.5,0.0148571379406509,-45.9489064895411,3621.04516356092,22.428571428571427,17.99809523809524,3.1333784584284263,74.04680599562252,2.5231152561550845,3.0036663613204997,NA,0.0331519649638388,0.5,0,0.0148571379406509,3,0.0317856702900255,0.02490516982763756,27.831457699627958,C18,18,0.02811369658961833,28.210151120475853
Niwot Ridge Tundra,3,18:1 cis,31.857142857142858,0,2507.28342857143,2523.406285714286,2529.736,568.595587497491,231.822453395071,292.287908874903,116.352495430553,292.287908874903,116.352495430553,5949.88144867279,2746.29135568123,0.4597200783994959,724.996445643017,328.247263145123,328.247263145123,0.0206831630211229,1,1,0.5,0.0145100263461861,-68.2418889616965,8435.36683245754,NA,NA,NA,NA,NA,NA,NA,0.0331519649638388,0.5,0,0.0145100263461861,3,0.0206831630211229,0.008854574310621222,78.2812539873885,C18,18,0.02811369658961833,28.210151120475853
Niwot Ridge Tundra,3,18:1 trans,32.857142857142854,0,2529.736,2546.9337142857144,2557.29414285714,1117.67731345638,669.443477197766,398.346580105167,204.575267423138,398.346580105167,204.575267423138,13593.403486362,9462.63803665503,0.7003645896900471,1628.01678309738,1023.57292298498,1023.57292298498,0.0315071719348135,1,1,0.5,0.012979865758869,-166.513573093026,17275.6915219693,NA,NA,NA,NA,NA,NA,NA,0.0331519649638388,0.5,0,0.012979865758869,3,0.0315071719348135,0.027130633877990078,25.548506668775843,C18,18,0.02811369658961833,28.210151120475853
Niwot Ridge Tundra,3,18:2,30.857142857142858,0,2487.07014285714,2498.6845714285714,2506.47728571429,283.17017396861,97.5092738500811,244.659384680536,102.010665597078,244.659384680536,102.010665597078,2307.40209342265,825.621732421068,0.36707017387366614,377.339087139001,60.5510970970311,60.5510970970311,0.0165153327333761,1,1,0.5,0.0137760154892704,-115.382703377304,3051.03439419107,NA,NA,NA,NA,NA,NA,NA,0.0331519649638388,0.5,0,0.0137760154892704,3,0.0165153327333761,0.0038880105651247464,178.27811137588967,C18,18,0.02811369658961833,28.210151120475853
Niwot Ridge Tundra,3,a-15:0,17.857142857142858,0,1724.22014285714,1736.0435714285716,1745.23957142857,475.056419340693,244.030086647978,263.504560661841,116.496187125578,263.504560661841,116.496187125578,3008.64820757177,1742.48257964706,0.5791710602954226,1173.46488457333,673.567961121466,673.567961121466,0.0260590278391042,1,1,0.5,0.0141879614694216,-88.9260831848606,4073.44261012497,3.2857142857142856,12.396666666666667,3.5673325170238153,103.51801611122931,2.8141307067980494,4.123752223590548,NA,0.0331519649638388,0.5,0,0.0141879614694216,3,0.0260590278391042,0.01721751359983423,40.25826241058517,C15,15,0.02811369658961833,28.210151120475853
Niwot Ridge Tundra,3,i-15:0,16.857142857142858,0,1703.58885714286,1715.651142857143,1722.69742857143,551.228148159751,442.149385677018,232.160637715473,99.534914255792,232.160637715473,99.534914255792,3924.72503952771,3668.5104998033,0.9171811907008586,2441.9935407873,1650.33502640622,1650.33502640622,0.0412616482119736,1,1,0.5,0.0146749677396367,-57.6486668793579,5235.65050049662,2.2857142857142856,12.267857142857142,4.291940824642866,119.43617204045708,3.37523566288207,4.767613019180022,NA,0.0331519649638388,0.5,0,0.0146749677396367,3,0.0412616482119736,0.03996203738852213,17.34514118539488,C15,15,0.02811369658961833,28.210151120475853
Niwot Ridge Tundra,3,i-16:0,20.333333333333332,0,1958.29516666667,1972.8903333333333,1981.38966666667,273.638508346618,159.859641533799,248.66312656852,105.937504162843,248.66312656852,105.937504162843,1956.85944192192,1192.17065881602,0.6114435201626052,1294.36529403739,766.66127640879,766.66127640879,0.0275081652472536,1,1,0.5,0.0144299200803822,-73.3866285742175,2945.06646808428,6.833333333333333,13.929166666666667,1.5026596590277788,41.27740128302989,1.2704102247869398,1.75825146450813,NA,0.0331519649638388,0.5,0,0.0144299200803822,3,0.0275081652472536,0.019039348424199895,36.40603476109104,C16,16,0.02811369658961833,28.210151120475853
Niwot Ridge Tundra,3,i-17:0,26.333333333333332,0,2226.54666666667,2236.021333333333,2242.63966666667,254.480376618003,253.488995968942,255.769404189042,111.123369296533,255.769404189042,111.123369296533,1532.20207884039,1710.86930183128,1.126725330874012,3227.70288790451,2255.33122368647,2255.33122368647,0.0506759931158935,1,1,0.5,0.0156075566955635,2.24678918506598,1573.36271751772,12.833333333333334,15.6375,1.3644345511111142,36.85069581879241,1.1557820746635667,1.5722174076244277,NA,0.0331519649638388,0.5,0,0.0156075566955635,3,0.0506759931158935,0.05402171424659627,12.830899393453036,C17,17,0.02811369658961833,28.210151120475853
Niwot Ridge Tundra,7,16:0,28.166666666666668,0,2064.85033333333,2090.1393333333335,2105.7795,1483.13109668374,1140.82448200421,258.218015457707,113.470907523125,258.218015457707,113.470907523125,20121.7535841525,18573.2521545351,0.9280664327344779,2478.73842760371,1678.62858925486,1678.62858925486,0.0417021798164973,1,1,0.5,0.0138716862868682,-109.238464567178,17645.9486401328,15,14.653611111111111,22.215280607222194,368.94005653169035,10.846923330443541,9.583708704139212,NA,0.0391798542972429,0.5,0,0.0138716862868682,7,0.0417021798164973,0.01791521086125818,38.690428258306625,C16,16,0.01611324565460016,50.2441736493493
Niwot Ridge Tundra,7,16:1 cis,26.166666666666668,0,2006.15616666667,2022.4581666666668,2033.6745,905.656591186843,452.051679445356,294.201432868026,135.86356094191,294.201432868026,135.86356094191,9612.2470750356,5680.51670878512,0.5914934371991679,1217.24865933216,707.281467685767,707.281467685767,0.0265838079900564,1,1,0.5,0.0135800168738151,-127.970353710304,8893.48285353113,NA,NA,NA,NA,NA,NA,NA,0.0391798542972429,0.5,0,0.0135800168738151,7,0.0265838079900564,0.008081921291457354,85.76514860304401,C16,16,0.01611324565460016,50.2441736493493
Niwot Ridge Tundra,7,16:1 trans,27.166666666666668,0,2033.779,2043.7065,2053.80816666667,443.60486390782,206.981881279277,279.451840413269,121.449564842274,279.451840413269,121.449564842274,3081.46372878128,1629.48446542445,0.5124355644344072,920.979022518814,479.153847339487,479.153847339487,0.0230323882321724,1,1,0.5,0.0136578852745407,-122.969378748837,3327.5005761333,NA,NA,NA,NA,NA,NA,NA,0.0391798542972429,0.5,0,0.0136578852745407,7,0.0230323882321724,0.0057818665880261366,119.88294264613565,C16,16,0.01611324565460016,50.2441736493493
Niwot Ridge Tundra,7,17:0 cyclo,34.5,0,2279.63266666667,2297.4673333333335,2305.82733333333,579.362329648041,266.960126335698,268.641770009848,114.753479831179,268.641770009848,114.753479831179,4769.1436212447,2596.94325118721,0.5699148657013682,1136.41237933639,645.037532089022,645.037532089022,0.0256144842305315,1,1,0.5,0.013453138602769,-136.118852869519,3637.97536235237,22,16.046388888888888,6.492428145168368,141.03747587461834,3.1406498574475012,3.6253933926235664,NA,0.0391798542972429,0.5,0,0.013453138602769,7,0.0256144842305315,0.007540101237593065,91.92809999739609,C17,17,0.01611324565460016,50.2441736493493
Niwot Ridge Tundra,7,18:0,41.666666666666664,0,2581.70733333333,2596.7205000000004,2602.85116666667,494.226826432801,377.317607040746,286.853038359471,119.035030307505,286.853038359471,119.035030307505,3660.47596587214,3356.039031768,0.9101758787928722,2411.47796572271,1626.83803360648,1626.83803360648,0.0408961796703813,1,1,0.5,0.0148571379406509,-45.9489064895411,3621.04516356092,29.833333333333332,18.028055555555554,4.5461140015178785,105.02093299607228,2.2223262882669785,2.7090496445491294,NA,0.0391798542972429,0.5,0,0.0148571379406509,7,0.0408961796703813,0.016766053782179224,41.34229733276277,C18,18,0.01611324565460016,50.2441736493493
Niwot Ridge Tundra,7,18:1 cis,45,0,2507.50364404297,2532.165609375,2539.87248974609,921.425954328352,445.134153647808,316.586150858873,127.893166053426,316.586150858873,127.893166053426,16015.6592078425,8422.03617069902,0.4982787433172877,867.858856142778,438.251319229939,438.251319229939,0.0223956927605511,1.5,1.25,0.5,0.0145100263461861,-68.2418889616965,8435.36683245754,NA,NA,NA,NA,NA,NA,NA,0.0391798542972429,0.5,0,0.0145100263461861,7,0.0223956927605511,0.004865673022353568,142.45658871353095,C18,18,0.01611324565460016,50.2441736493493
Niwot Ridge Tundra,7,18:1 trans,39.666666666666664,0,2524.6155,2551.541666666667,2560.70283333333,1374.31869701556,765.372463880208,423.905398705874,215.292184572437,423.905398705874,215.292184572437,23124.370418244,13813.2520886545,0.6136497237104348,1300.09178565291,771.07067495274,771.07067495274,0.027576779201442,1,1.3333333333333333,0.5,0.012979865758869,-166.513573093026,17275.6915219693,NA,NA,NA,NA,NA,NA,NA,0.0391798542972429,0.5,0,0.012979865758869,7,0.027576779201442,0.009080446448441025,76.3340419984469,C18,18,0.01611324565460016,50.2441736493493
Niwot Ridge Tundra,7,18:2,38,0,2486.54266666667,2499.7793333333334,2508.3135,308.402956755219,110.019564038355,251.119110927772,106.604824064881,251.119110927772,106.604824064881,2861.44301217297,1069.12407662274,0.37508220132704806,405.886290057626,82.5324433443722,82.5324433443722,0.0168575988239024,1,1,0.5,0.0137760154892704,-115.382703377304,3051.03439419107,NA,NA,NA,NA,NA,NA,NA,0.0391798542972429,0.5,0,0.0137760154892704,7,0.0168575988239024,0.0018758587300309534,369.5092649906039,C18,18,0.01611324565460016,50.2441736493493
Niwot Ridge Tundra,7,a-15:0,20.166666666666668,0,1726.82766666667,1739.298,1751.59416666667,689.010785073765,398.752304669074,295.187986999366,138.619753929668,295.187986999366,138.619753929668,5097.18043000427,3401.32631378526,0.6662248345579855,1497.43886131413,923.027923211879,923.027923211879,0.0299421677142682,1,1,0.5,0.0141879614694216,-88.9260831848606,4073.44261012497,6.333333333333333,12.425555555555555,6.843458556249997,183.29772292781786,3.3037872273826547,4.699288198749117,NA,0.0391798542972429,0.5,0,0.0141879614694216,7,0.0299421677142682,0.009877807850835698,70.17216684381066,C15,15,0.01611324565460016,50.2441736493493
Niwot Ridge Tundra,7,i-15:0,19.166666666666668,0,1701.74766666667,1719.3733333333334,1726.06133333333,873.017209627999,787.698477053646,237.504691305367,100.749400876098,237.504691305367,100.749400876098,7764.34448838905,8369.62263872542,1.0522808404391584,2944.62717808702,2037.36292712701,2037.36292712701,0.0472841899398627,1,1,0.5,0.0146749677396367,-57.6486668793579,5235.65050049662,5.333333333333333,12.298333333333334,9.75428064083333,231.1417905180043,4.742631056917498,5.96948357228331,NA,0.0391798542972429,0.5,0,0.0146749677396367,7,0.0472841899398627,0.021308946681266257,32.5284581602208,C15,15,0.01611324565460016,50.2441736493493
Niwot Ridge Tundra,7,i-16:0,24.333333333333332,0,1957.703,1969.0586666666668,1976.513,438.60851573427,247.813137683391,273.547551000019,118.385576888489,273.547551000019,118.385576888489,3229.22892041095,2133.3502108278,0.6201508528168128,1324.6189419212,789.956585279325,789.956585279325,0.0278705515212652,1,1,0.5,0.0144299200803822,-73.3866285742175,2945.06646808428,11.333333333333334,13.960555555555555,4.378664511249994,104.8113589895511,2.133646690675957,2.70598260170842,NA,0.0391798542972429,0.5,0,0.0144299200803822,7,0.0278705515212652,0.008392590753526918,82.59037059190045,C16,16,0.01611324565460016,50.2441736493493
Niwot Ridge Tundra,7,i-17:0,33.2,0,2227.0204,2237.9302,2244.2838,352.238806211229,393.762103100725,274.227666058489,120.776440544713,274.227666058489,120.776440544713,2221.51165995285,2933.76954905492,1.321767032402117,3953.79744365557,2814.42403161479,2814.42403161479,0.0593743432178551,1,1,0.5,0.0156075566955635,2.24678918506598,1573.36271751772,18.4,15.662666666666667,2.633190994885481,67.64553948415727,1.368883591361806,1.831168532148214,NA,0.0391798542972429,0.5,0,0.0156075566955635,7,0.0593743432178551,0.029526460850087744,23.475457626947033,C17,17,0.01611324565460016,50.2441736493493
